emails,page
info@avcustominstall.co.,http://avcustominstall.co.za/
,http://bis.corpaw.com/
,http://audioarchitex.co.za/
info@stellavideo.it,https://www.domoticaaudiovideo.it/
sales@bnctechnology.co.,https://bnctechnology.co.za/
,http://www.digite.cz/
,https://www.crescendoaav.com/
ervice@completelyconnected.net,https://completelyconnected.net/
,https://www.microsoft.com/en-us/microsoft-365/onedrive/online-cloud-storage
,http://www.domo-control.fr
"hukic@zahav.net,shukic@zahav.net",http://www.control4u.co.il
info@aveon.com,https://www.aveon.com/
,https://www.kolesso.fr/
info@famfulik.cz,https://www.famfulik.cz/
info@domum.com,http://domum.com.ua/en
,http://www.futurinmedia.com
,https://www.clevelandsmarthome.com/
info@cometotheexperts.com,https://www.cometotheexperts.com/
,http://www.avaconnect.com
info@dotronix.be,https://www.dotronix.be/
,https://rmrsoundsystems.nl/
f.rambaud@home-high-tech.fr,http://www.home-high-tech.fr/
,https://www.iseaelectronic.com/en/
sales@htgweb.com,https://www.thehometheatergallery.com/
contact@khomeo.fr,https://www.khomeo.fr/
,https://www.neodience.com/
,http://www.orandt.co.il
info@mediatechweb.com,http://www.mediatechweb.com/soluzioni/domotica-mediatech-e-installatore-certificato-control4/
auditoriumnantes@numericable.fr,http://www.auditorium-nantes.com
mail@niektech.nl,https://www.niektech.nl/
comercial@nipponstudios.com,http://www.nipponstudios.com.br
iot@smartspacesgroup.com,https://www.smartspacesgroup.com/
office@londonavsolutions.co.,https://londonavsolutions.co.uk/
rivierasmarthomes@gmail.com,https://www.rivierasmarthomes.com/
,https://controlechezsoi.com/
"sisla@sisla.sk,obchod@sisla.sk",https://www.sisla.sk/
,https://dome4u.pt
contato@wehomesystem.com,http://www.wehomesystem.com.br/
support@domotica-solutions.com,https://domotica-solutions.com
info@integratedhomes.co.,https://integratedhomes.co.za/
sales@kazaraudiovideo.com,https://kazaraudiovideo.com/
,https://www.ajrs.com/
,https://avpanorama.ru
,https://campbellentertainment.net
contact@audiopole.fr,https://audiopole.net
"info@lvat.us,sbirdsall@lvat.us",https://www.lvat.us/
"nr@original"",l=Object.pro",http://www.thsone.com
,https://simptechsolutions.com/
,https://neoge.fr
contact@smarthome-solutions.fr,https://www.smarthome-solutions.fr/
info@smartspacesllp.com,https://www.smartspacesllp.com/
,https://stores.bang-olufsen.com/nl/belgie/opwijk/steenweg-op-dendermonde-44
contact@caribbean-electronics.com,https://www.caribbean-electronics.com/
,https://www.abelalarm.co.uk
,https://www.abelalarm.co.uk
,https://www.adi-net.fr
,https://www.2i-domotique.fr
,https://www.smartech-concept.fr/
,https://soluttitec.com.br
info@aelive.nl,https://www.aelive.nl
,https://alphaproducties.nl/
"info@aircoenelektra.nl,info@airoenelektra.nl",https://aircoenelektra.nl/
alsyko@alsyko.cz,https://alsyko.cz/
,https://www.ampliaudio.com.mx
info@amadeusns.net,https://amadeusns.it/
info@allelgotland.se,https://allelgotland.se/
"martin.hradecky@seznam.cz,info@antenyjh.cz,lenka.nedomova@cofis.cz,cofis@cofis.cz,hradecky.hk@seznam.cz",http://www.autojh.cz/anteny_a_zabezpeceni_budov-12.html
,https://smartspaces.co.za/
"soundxperiencesa@gmail.co.,sales@soundx.co.",http://soundx.co.za/
contact@diwodo.net,https://diwodo.fr/en/diwodo-net-english/
contact@arawnsolution.fr,https://www.arawnsolution.fr
info@arbonapiza.com,https://www.arbonapiza.com
,https://www.artful.sk/
comercial@adjustfinoht.com,https://www.ajustefinoht.com.br/?lang=en
,https://www.athomeautomation.nl
info@art-in.ru,https://www.art-in.ru
pascal@asiasmarthome.com,https://asiasmarthome.com/
,https://www.affixum.se
,https://aida-audio.hu/
,https://www.atle.tv
,https://www.all4control.nl
,https://www.audiodesigncenter.se
info@audiolight.be,https://www.audiolight.be
info@audioconcept.com,https://www.audioconcept.com.ve
,https://www.audiopool.lu
,https://www.audiopool.lu
,https://atoutdomotique.fr/
sales@audioholics.co.,https://www.audioholics.co.za
,https://www.audiovisions.it
,http://www.audire.fr/
info@audiovisie.nl,https://audiovisie.nl/
http://www.youran.co.il/,https://www.youran.co.il/
"nybro@elon.se,bollnas@elonljudbild.se,eskilstuna@elon.se,hofors@elon.se,amal@elonljudbild.se,kristianstad@elonljudbild.se,enskede@elon.se,sthlm.rotebro@elon.se,alingsas@elon.se,gallivare@elon.se,oskarshamn@elon.se,haparanda@elon.se,info@oppundael.se,kalix.elljus@elon.se,backebol@elon.se,uppsala.bolandcity@elon.se,jarpen@elon.se,rattvik@elon.se,helsingborg@elon.se,ockelbo@elon.se,bengtsfors@elonljudbild.se,kvissleby@elon.se,lycksele@elon.se,hallsberg@elon.se,hollviken@elonljudbild.se,avesta@elon.se,finspang@elonljudbild.se,falkoping@elon.se,borgholm@elon.se,boras.bramhult@elon.se,vara@elonljudbild.se,strangnas@elon.se,arvika.elservice@elon.se,olofstrom@elonljudbild.se,askersund@elon.se,vasteras.elman@elon.se,lidingo@elon.se,lindesberg@elonljudbild.se,ulricehamn.rulles@elon.se,rotebro@elon.se,arboga@elon.se,pitea@elonljudbild.se,mjolby@elonljudbild.se,tina.andreason@elon.se,harnosand@elon.se,lund.kokscentrum@elon.se,slite@elon.se,tvaaker@elon.se,bromolla@elon.se,sthlm.sveavagen@elon.se,trelleborg@elon.se,hoor.nordens@elon.se,lulea@elon.se,helsingborg.kokscentrum@elon.se,brunflo@elon.se,hjo@elon.se,sjobo@elon.se,kristinehamn@elonljudbild.se,falkenberg@elonljudbild.se,katrineholm@elonljudbild.se,lysekil@elon.se,vetlanda@elon.se,ljusdal@elon.se,vaxjo@elon.se,tanumshede@elon.se,angelholm.kokscentrum@elon.se,solleftea@elon.se,kinna@elonljudbild.se,umeacity@elonljudbild.se,vilhelmina@elon.se,lerum@elon.se,axelkarlssons@elon.se,rattvik@elonljudbild.se,hassleholm@elonljudbild.se,kungsbacka.walterhansson@elon.se,ostervala@elon.se,info@byggvaruhuset.se,herrljunga@elonljudbild.se,norrtalje.kokson@elon.se,lidingo@elonljudbild.se,vastervik@elonljudbild.se,mullsjo@elon.se,huskvarna@elonljudbild.se,froson@elon.se,umea@elon.se,lenhovda@elon.se,cityexperten.harnosand@elonljudbild.se,gimo@elon.se,staffanstorp@elon.se,nykoping@elon.se,alvsbyn@elonljudbild.se,solvesborg@elon.se,mora@elon.se,koping@elon.se,hyltebruk@elon.se,umea.belysning@elon.se,ljungskile@elon.se,halmstad@elon.se,funasdalen@elon.se,hallefors@elon.se,storuman@elon.se,boras.druvefors@elon.se,bjorbo@elon.se,coldman@elon.se,malmo.kokscentrum@elon.se,aseda@elon.se,linkoping.tornby@elon.se,timra@elon.se,trollhattan.overby@elon.se,amal@elon.se,alvsbyn@elon.se,varnhem@elon.se,kungsbacka@elon.se,fagersta@elon.se,vastervik@elon.se,eksjo.elbutiken@elon.se,arjang@elonljudbild.se,vanersborg@elon.se,lidkoping@elonljudbild.se,karlskrona@elonljudbild.se,umea.helakoket@elon.se,askim@elon.se,skara@elon.se,hova@elon.se,sunne@elonljudbild.se,kalmar@elon.se,falun@elon.se,vimmerby@elon.se,molnlycke@elon.se,varmdo@elon.se,haninge@elon.se,vasteras.metrohuset@elonljudbild.se,sthlm.sickla@elon.se,nol@elon.se,sodertalje.moraberg@elon.se,pitea@elon.se,varnamo@elonljudbild.se,enkoping@elon.se,norrtalje@elon.se,angelholm@elon.se,sala@elonljudbild.se,vanersborg@elonljudbild.se,krokom@elon.se,kalmar@elonljudbild.se,kungalv@elon.se,solleftea.lundgrens@elon.se,jonkoping@elon.se,grastorp@elonljudbild.se,eslov.frasses@elon.se,huddinge@elon.se,vetlanda.butiken@elon.se,angelholm@elonljudbild.se,trollhattan.storgatan@elon.se,norsjo@elonljudbild.se,stenungsund@elonljudbild.se,pajala@elon.se,unnaryd@elon.se,henan@elon.se,vimmerby@elonljudbild.se,visby.flexhuset@elon.se,torslanda.friggahuset@elon.se,lotta@carlssonsel.se,borlange@elon.se,ljusdal.gunnarssons@elon.se,kinna@elon.se,hallunda@elonljudbild.se,sandviken.ro-pa@elon.se,backstroms@elonljudbild.se,mariestad@elon.se,ornskoldsvik@elon.se,oskarshamn@elonljudbild.se,nassjo.butiken@elon.se,larsbengtsson@elonljudbild.se,sodertalje@elon.se,skelleftea@elonljudbild.se,lund.klostergatansel@elon.se,svenljunga@elon.se,leksand@elon.se,grastorp@elon.se,varnamo@elon.se,taberg@elon.se,nr@original"",l=Object.pro,stromstad@elon.se,barkarby@elon.se,motala@elon.se,saffle@elonljudbild.se,motala.thords@elon.se,lysekil.rylandersel@elon.se,gavle.city@elon.se,sveg@elon.se,lidkoping@elon.se,varberg@elon.se,kallered@elon.se,skovde@elon.se,bastad@elon.se,hedemora@elonljudbild.se,ystad@elon.se,hoganas@elon.se,soderkoping@elon.se,tranas@elonljudbild.se,falkenberg@elon.se,jonkoping.asecs@elon.se,vilhelmina.lovliden@elon.se,tierp@elon.se,fjallbacka@elon.se,nynashamn@elon.se,kiruna@elon.se,backaplan@elon.se,hallstavik@elon.se,sala@elon.se,molnlycke@elonljudbild.se,sodermalm@elon.se,tierp.city@elon.se,landskrona.kokscentrum@elon.se,gavle@elonljudbild.se,valbo@elon.se,karlskoga@elon.se,laholm@elon.se,soderakra@elon.se,arninge@elon.se,ystadphoneshop@elonljudbild.se,uddevalla@elon.se,bengtsfors@elon.se,sunne@elon.se,umea.avion@elonljudbild.se,arvidsjaur@elonljudbild.se,gavle.hemlingby@elon.se,soderhamn.meab@elon.se,kalix.elektriska@elon.se,norrkoping.elektrokyl@elon.se,hemse@elon.se,arvika@elon.se,grums@elon.se,lycksele@elonljudbild.se,ulricehamn@elon.se,arvika@elonljudbild.se,alvdalen@elon.se,svagertorp@elon.se,mellerud@elon.se,sundsvall@elon.se,luddwes@elon.se,karlshamn@elon.se,vastrakarup@elon.se,bastad@elonljudbild.se,falkoping.brgustafssons@elon.se,eksharad@elon.se,overtornea@elon.se,lulea.city@elon.se,gotene@elon.se,ornskoldsvik.storatorget@elonljudbild.se,info@skenejarn.se,sandviken.city@elon.se,simrishamn@elon.se,osthammar@elon.se,skara@elonljudbild.se,skelleftea.soder@elon.se,kungsholmen@elon.se,arjang@elon.se,lindesberg@elon.se,ljungby@elon.se,filipstad@elonljudbild.se,kristianstad@elon.se,horby@elon.se,skurup@elonljudbild.se,info@tohemprodukter.se,skelleftea.bogarden@elon.se,skarhamn.sorangs@elon.se,stromsund@elon.se,nassjo@elonljudbild.se,lerum@elonljudbild.se,orebro@elon.se,boras@elon.se,ockero@elonljudbild.se,hedemora@elon.se,umea.vitahuset@elon.se,orkelljunga@elon.se,huskvarna@elon.se,kungenskurva@elon.se,marsta@elonljudbild.se,kungsgatan@elon.se,limhamn@elon.se,ludvika.elbolaget@elon.se,osby@elon.se,storfors@elon.se,bromma@elon.se,karlskrona@elon.se,degeberga@elon.se,harlosa@elon.se,tidaholm@elon.se,orebro@elonljudbild.se,saffle@elon.se,vara@elon.se,raa.kokscentrum@elon.se,tibro@elon.se,stora-hoga@elon.se,tranas@elon.se,vasteras@elon.se,bollnas@elon.se,hudiksvall.olleedhs@elon.se,anderstorp@elonljudbild.se,hyltebruk@elonljudbild.se,bredaryd@elon.se,stromstad@elonljudbild.se,arvidsjaur.storgatan@elon.se,karlstad@elonljudbild.se,tyringe@elon.se,halmstad.kokscentrum@elon.se,laholm@elonljudbild.se,lillaedet@elon.se,ronneby@elonljudbild.se,tomelilla@elon.se,karlshamn@elonljudbild.se,boden.vidars@elon.se,mjolby@elon.se,vastra.frolunda@elon.se,butiken.uppsala@elon.se,stockholm@elonljudbild.se,kisa@elon.se,olofstrom@elon.se,akersberga@elon.se,halmstad@elonljudbild.se,kramfors@elonljudbild.se,danderyd@elon.se,ludvika@elon.se,monsteras@elon.se,tranemo@elonljudbild.se,eksjo@elon.se,savedalen@elon.se,katrineholm@elon.se,trelleborg@elonljudbild.se,patrik.persson@elon.se,skovde.thorssells@elon.se,hollviken@elon.se,skurup@elon.se,simrishamn@elonljudbild.se,soderhamn@elonljudbild.se,flen@elon.se,karlstad@elon.se,eslov@elon.se,gnosjo@elon.se,klippan@elon.se,ystad.hamngatan@elon.se,kristinehamn@elon.se,soderhamn@elon.se,sandoverken@elon.se,skovde@elonljudbild.se",https://www.elon.se/audiovideo
"nybro@elon.se,bollnas@elonljudbild.se,eskilstuna@elon.se,hofors@elon.se,amal@elonljudbild.se,kristianstad@elonljudbild.se,enskede@elon.se,sthlm.rotebro@elon.se,alingsas@elon.se,gallivare@elon.se,oskarshamn@elon.se,haparanda@elon.se,info@oppundael.se,kalix.elljus@elon.se,backebol@elon.se,uppsala.bolandcity@elon.se,jarpen@elon.se,rattvik@elon.se,helsingborg@elon.se,ockelbo@elon.se,bengtsfors@elonljudbild.se,kvissleby@elon.se,lycksele@elon.se,hallsberg@elon.se,hollviken@elonljudbild.se,avesta@elon.se,finspang@elonljudbild.se,falkoping@elon.se,borgholm@elon.se,boras.bramhult@elon.se,vara@elonljudbild.se,strangnas@elon.se,arvika.elservice@elon.se,olofstrom@elonljudbild.se,askersund@elon.se,vasteras.elman@elon.se,lidingo@elon.se,lindesberg@elonljudbild.se,ulricehamn.rulles@elon.se,rotebro@elon.se,arboga@elon.se,pitea@elonljudbild.se,mjolby@elonljudbild.se,tina.andreason@elon.se,harnosand@elon.se,lund.kokscentrum@elon.se,slite@elon.se,tvaaker@elon.se,bromolla@elon.se,sthlm.sveavagen@elon.se,trelleborg@elon.se,hoor.nordens@elon.se,lulea@elon.se,helsingborg.kokscentrum@elon.se,brunflo@elon.se,hjo@elon.se,sjobo@elon.se,kristinehamn@elonljudbild.se,falkenberg@elonljudbild.se,katrineholm@elonljudbild.se,lysekil@elon.se,vetlanda@elon.se,ljusdal@elon.se,vaxjo@elon.se,tanumshede@elon.se,angelholm.kokscentrum@elon.se,solleftea@elon.se,kinna@elonljudbild.se,umeacity@elonljudbild.se,vilhelmina@elon.se,lerum@elon.se,axelkarlssons@elon.se,rattvik@elonljudbild.se,hassleholm@elonljudbild.se,kungsbacka.walterhansson@elon.se,ostervala@elon.se,info@byggvaruhuset.se,herrljunga@elonljudbild.se,norrtalje.kokson@elon.se,lidingo@elonljudbild.se,vastervik@elonljudbild.se,mullsjo@elon.se,huskvarna@elonljudbild.se,froson@elon.se,umea@elon.se,lenhovda@elon.se,cityexperten.harnosand@elonljudbild.se,gimo@elon.se,staffanstorp@elon.se,nykoping@elon.se,alvsbyn@elonljudbild.se,solvesborg@elon.se,mora@elon.se,koping@elon.se,hyltebruk@elon.se,umea.belysning@elon.se,ljungskile@elon.se,halmstad@elon.se,funasdalen@elon.se,hallefors@elon.se,storuman@elon.se,boras.druvefors@elon.se,bjorbo@elon.se,coldman@elon.se,malmo.kokscentrum@elon.se,aseda@elon.se,linkoping.tornby@elon.se,timra@elon.se,trollhattan.overby@elon.se,amal@elon.se,alvsbyn@elon.se,varnhem@elon.se,kungsbacka@elon.se,fagersta@elon.se,vastervik@elon.se,eksjo.elbutiken@elon.se,arjang@elonljudbild.se,vanersborg@elon.se,lidkoping@elonljudbild.se,karlskrona@elonljudbild.se,umea.helakoket@elon.se,askim@elon.se,skara@elon.se,hova@elon.se,sunne@elonljudbild.se,kalmar@elon.se,falun@elon.se,vimmerby@elon.se,molnlycke@elon.se,varmdo@elon.se,haninge@elon.se,vasteras.metrohuset@elonljudbild.se,sthlm.sickla@elon.se,nol@elon.se,sodertalje.moraberg@elon.se,pitea@elon.se,varnamo@elonljudbild.se,enkoping@elon.se,norrtalje@elon.se,angelholm@elon.se,sala@elonljudbild.se,vanersborg@elonljudbild.se,krokom@elon.se,kalmar@elonljudbild.se,kungalv@elon.se,solleftea.lundgrens@elon.se,jonkoping@elon.se,grastorp@elonljudbild.se,eslov.frasses@elon.se,huddinge@elon.se,vetlanda.butiken@elon.se,angelholm@elonljudbild.se,trollhattan.storgatan@elon.se,norsjo@elonljudbild.se,stenungsund@elonljudbild.se,pajala@elon.se,unnaryd@elon.se,henan@elon.se,vimmerby@elonljudbild.se,visby.flexhuset@elon.se,torslanda.friggahuset@elon.se,lotta@carlssonsel.se,borlange@elon.se,ljusdal.gunnarssons@elon.se,kinna@elon.se,hallunda@elonljudbild.se,sandviken.ro-pa@elon.se,backstroms@elonljudbild.se,mariestad@elon.se,ornskoldsvik@elon.se,oskarshamn@elonljudbild.se,nassjo.butiken@elon.se,larsbengtsson@elonljudbild.se,sodertalje@elon.se,skelleftea@elonljudbild.se,lund.klostergatansel@elon.se,svenljunga@elon.se,leksand@elon.se,grastorp@elon.se,varnamo@elon.se,taberg@elon.se,nr@original"",l=Object.pro,stromstad@elon.se,barkarby@elon.se,motala@elon.se,saffle@elonljudbild.se,motala.thords@elon.se,lysekil.rylandersel@elon.se,gavle.city@elon.se,sveg@elon.se,lidkoping@elon.se,varberg@elon.se,kallered@elon.se,skovde@elon.se,bastad@elon.se,hedemora@elonljudbild.se,ystad@elon.se,hoganas@elon.se,soderkoping@elon.se,tranas@elonljudbild.se,falkenberg@elon.se,jonkoping.asecs@elon.se,vilhelmina.lovliden@elon.se,tierp@elon.se,fjallbacka@elon.se,nynashamn@elon.se,kiruna@elon.se,backaplan@elon.se,hallstavik@elon.se,sala@elon.se,molnlycke@elonljudbild.se,sodermalm@elon.se,tierp.city@elon.se,landskrona.kokscentrum@elon.se,gavle@elonljudbild.se,valbo@elon.se,karlskoga@elon.se,laholm@elon.se,soderakra@elon.se,arninge@elon.se,ystadphoneshop@elonljudbild.se,uddevalla@elon.se,bengtsfors@elon.se,sunne@elon.se,umea.avion@elonljudbild.se,arvidsjaur@elonljudbild.se,gavle.hemlingby@elon.se,soderhamn.meab@elon.se,kalix.elektriska@elon.se,norrkoping.elektrokyl@elon.se,hemse@elon.se,arvika@elon.se,grums@elon.se,lycksele@elonljudbild.se,ulricehamn@elon.se,arvika@elonljudbild.se,alvdalen@elon.se,svagertorp@elon.se,mellerud@elon.se,sundsvall@elon.se,luddwes@elon.se,karlshamn@elon.se,vastrakarup@elon.se,bastad@elonljudbild.se,falkoping.brgustafssons@elon.se,eksharad@elon.se,overtornea@elon.se,lulea.city@elon.se,gotene@elon.se,ornskoldsvik.storatorget@elonljudbild.se,info@skenejarn.se,sandviken.city@elon.se,simrishamn@elon.se,osthammar@elon.se,skara@elonljudbild.se,skelleftea.soder@elon.se,kungsholmen@elon.se,arjang@elon.se,lindesberg@elon.se,ljungby@elon.se,filipstad@elonljudbild.se,kristianstad@elon.se,horby@elon.se,skurup@elonljudbild.se,info@tohemprodukter.se,skelleftea.bogarden@elon.se,skarhamn.sorangs@elon.se,stromsund@elon.se,nassjo@elonljudbild.se,lerum@elonljudbild.se,orebro@elon.se,boras@elon.se,ockero@elonljudbild.se,hedemora@elon.se,umea.vitahuset@elon.se,orkelljunga@elon.se,huskvarna@elon.se,kungenskurva@elon.se,marsta@elonljudbild.se,kungsgatan@elon.se,limhamn@elon.se,ludvika.elbolaget@elon.se,osby@elon.se,storfors@elon.se,bromma@elon.se,karlskrona@elon.se,degeberga@elon.se,harlosa@elon.se,tidaholm@elon.se,orebro@elonljudbild.se,saffle@elon.se,vara@elon.se,raa.kokscentrum@elon.se,tibro@elon.se,stora-hoga@elon.se,tranas@elon.se,vasteras@elon.se,bollnas@elon.se,hudiksvall.olleedhs@elon.se,anderstorp@elonljudbild.se,hyltebruk@elonljudbild.se,bredaryd@elon.se,stromstad@elonljudbild.se,arvidsjaur.storgatan@elon.se,karlstad@elonljudbild.se,tyringe@elon.se,halmstad.kokscentrum@elon.se,laholm@elonljudbild.se,lillaedet@elon.se,ronneby@elonljudbild.se,tomelilla@elon.se,karlshamn@elonljudbild.se,boden.vidars@elon.se,mjolby@elon.se,vastra.frolunda@elon.se,butiken.uppsala@elon.se,stockholm@elonljudbild.se,kisa@elon.se,olofstrom@elon.se,akersberga@elon.se,halmstad@elonljudbild.se,kramfors@elonljudbild.se,danderyd@elon.se,ludvika@elon.se,monsteras@elon.se,tranemo@elonljudbild.se,eksjo@elon.se,savedalen@elon.se,katrineholm@elon.se,trelleborg@elonljudbild.se,patrik.persson@elon.se,skovde.thorssells@elon.se,hollviken@elon.se,skurup@elon.se,simrishamn@elonljudbild.se,soderhamn@elonljudbild.se,flen@elon.se,karlstad@elon.se,eslov@elon.se,gnosjo@elon.se,klippan@elon.se,ystad.hamngatan@elon.se,kristinehamn@elon.se,soderhamn@elon.se,sandoverken@elon.se,skovde@elonljudbild.se",https://www.elon.se/audiovideo
,https://www.automelec.fr
andrew@av-a.co.,https://www.av-a.co.za
automa@automasystems.com,https://www.automasystems.com.br
info@avarchitects.be,https://www.avarchitects.be
info@avdsolutions.be,https://www.avdsolutions.be
,https://www.aventia.in
info@ahttexas.com,https://ahttexas.com/
sales@avitmarine.com,https://www.avitmarine.com
info@avic.se,https://avic.se/
gijs@avintegration.be,https://www.avintegration.be
,https://avidiaonline.com/
info@avltechnic.cz,https://www.avltechnic.cz
,https://www.avm-cinesound.com
info@avpro.co.,https://www.avpro.co.za
,https://www.avservices.be
,https://www.avsinc.ms
contato@automatizeengenharia.com,https://www.automatize.com.br/
,https://www.avts.se
,https://www.animative.eu/en/home-new/
info@ambiance-cinema.fr,https://ambiance-cinema.fr/
info@anderssonsel.se,https://anderssonsel.se/
,https://www.avnsolutions.be
,https://www.absoluteav.net/404.html
,https://www.bayit.com.br
"impallari@gmail.com,team@latofonts.com",https://ablinnovations.biz/
,http://beopenbesmart.com/
,https://www.acadiantotalsecurity.com/
,https://bartelstilburg.nl/
,https://www.applysolve.com.br
,https://www.abstractav.co.uk
,https://acaudiovideo.com/
,https://www.acghomesystems.com
sales@acousticinnovations.biz,https://www.acousticinnovations.biz
,https://avenirelec73.fr/
eben@eyebytes.com,https://accurateaudiovideo.com/
sales@theacousticvision.com,https://www.theacousticvision.com
"basysnetba@basys.sk,mjedon@email.cz,basysba@basys.sk,gut@basys.cz,kraut@basys.cz,martinka@basys.sk,kostka@basys.cz,sykora@basys.cz,brno@basys.cz",https://basysnet.cz/
help@activetelephones.com,https://www.activetelephones.com
sales@acousticreations.com,https://www.acousticreations.com
sales@awicontech.com,https://www.awicontech.com
info@beitomatic.com,https://www.beitomatic.com
,https://adom-smarthome.com/
,https://www.advancedaudio.tv
,https://www.adome.net
jtavares@adkav.com,https://adkav.com/
,https://www.adaptivetechsolutionsindy.com/
,https://adrenaline.al/en
info@adaptedtech.com,https://adapted.tech/
"info@aceintegratedsystems.ca,wordpress@example.com",https://www.aceintegratedsystems.ca
,https://aht.me/
,https://advancedhome.biz/
sales@atiuk.net,https://www.atiuk.net
,https://www.adslv.com/login_up.php?success_redirect_url=%2F
chris@atifl.net,https://atifl.net/
info@advancedha.com,https://www.advancedha.com
,https://www.acousticalvision.com
chris@atifl.net,https://atifl.net/
,https://www.advance.mb.ca
,https://adobealarm.com/
info@atinow.com,https://atinow.com/
,https://advtechs.com/
admin@total.com,https://asidallas.com/
,https://www.aghelectrical.com
info@agwtechnologies.co.,http://agwtechnologies.co.uk/
adamren@aigotech.com,https://control4bc.ca/
sales@aheadstereo.com,https://www.aheadstereo.com
,https://www.airav.design/
info@bestsound.se,https://bestsound.se/
"impallari@gmail.com,ntegration.@gmail.com,a.i.systemintegration@gmail.com,team@latofonts.com",https://aisystemintegration.com
,https://www.aktakon.com/bg/
,https://airwaveav.co.uk/
,https://www.alarmsound.net
,https://www.ajrs.com
info@adrenalinaudio.com,https://adrenalinaudio.com/
,https://www.alarmtechs.com
kdsmith@acswi.com,https://acswi.com/
sales@alldigitalonline.com,https://www.alldigitalonline.com
,https://www.discoverAllegro.com
adamren@aigotech.com,https://control4bc.ca/
,https://alconintegrated.com
allaroundsound@hotmail.com,https://www.allaroundsound.tv
,https://allianceprotection.dmnweb.net/
,https://www.facebook.com/AASVINC/?ref=aymt_homepage_panel&eid=ARAGh_U_HljWsKJ_uNcVG70P-od72-WuKO89F1
info@advanced-esi.net,https://www.advanced-esi.net/
,https://www.allaroundtech.com
hello@allsounddesigns.com,https://www.allsounddesigns.com
accuratecommunication@yahoo.com,https://accuratecommunicationservices.com/
,https://www.myadvancedtech.com
,https://www.alltechits.com
,https://www.alphasoundsystems.com
sales@allstarav.com,https://www.allstarav.com
,https://www.advancedaav.com
solutions@alphatouch.co.,https://alphatouch.co.uk/
al@afsintegratedsystems.com,https://afsintegratedsystems.com/
,https://www.allwestelectric.com
,https://www.amagiaav.com
ickambaudio@aol.com,https://www.ambianceaudiodesign.com
info@americainhome.com,https://www.americainhome.com
"office@amavys.ro,ioana@amavys.ro,sorin@amavys.ro",https://amavys.ro/
info@amenitek.com,https://amenitek.com/
info@alkom.ca,https://alkom.ca/
,https://ahtech.com/
,https://www.americanknightsecurity.com
,https://amherstalarm.com/
bookings@advancedlivingsolutions.com,https://www.advancedlivingsolutions.com.au
,https://www.american-electrical.com
info@ahttexas.com,https://ahttexas.com/
website@anchortechgroup.com,https://www.anchortechgroup.com
,https://www.andreselectronicexperts.com
,https://www.andreselectronicexperts.com
,https://www.andersonefi.com
,https://www.andreselectronicexperts.com
,https://www.andreselectronicexperts.com
,https://www.andreselectronicexperts.com
,https://ahtech.com/
,https://www.aonyx.co.uk
,https://www.andrussmarttech.com/
,https://www.appliedautomation.co.uk
,https://www.andreselectronicexperts.com
info@anytimemedia.com,https://www.anytimemedia.com
,https://www.smartantai.com
andrew@apexavwi.com,https://www.apexavwi.com
info@aperio-av.co.,https://www.aperio-av.co.uk
,https://applausetheater.com/
info@allfineautomation.com,https://www.allfineautomation.com
,https://www.facebook.com/arcelectricalwhangaparaoa/
,https://www.architechtronics.com
solutions@alphatouch.co.,https://alphatouch.co.uk/
nfo@AAVInc.com,https://aavinc.com/
info@arcsv.com,https://www.ARCsv.com
,https://argentanow.com
info@aperio-av.co.,https://www.aperio-av.co.uk
,https://www.arracal.com
info@lotechnologies.com,https://www.argustechnologies.com.au
,https://armor-systems.com/
,https://www.artisanaz.com
,https://cvtnj.com/
info@artisticdesign.us,https://artisticdesign.us/
info@control4.com,https://control4.com.tr/
hello@aos-group.co.,https://aos-group.co.uk/
info@control4.com,https://control4.com.tr/
,https://www.ashvillesmarthomes.com
,https://www.arizonasoundandlight.com
,https://www.asounddecision.com
,https://asoundlook.com/
info@asmarterhome.net,https://www.asmarterhome.net
info@audioadvisors.com,https://audioadvisors.com/
,https://awse.ca/
ateamaudiovideo@gmail.com,https://www.ateamav.com
,https://www.aspensound.com
,https://www.atbelectricalsystems.co.uk
,https://www.ambianceacv.com
,https://atlantaaudio.com/
,https://www.facebook.com/Atech806/
info@allsafetec.us,https://www.allsafetec.com
"sales@AMSconnectme.com,admin@AMSconnectme.com,support@AMSconnectme.com",https://www.amsconnectme.com/
,https://www.ati-america.com
service@ampvolt.com,https://www.ampvolt.com.au
"info@indiantypefoundry.com,pford@atlantichomesystems.com",https://atlantichomesystems.com/
,https://atechels.com/
enquiries@atlantisavsolutions.com,https://www.atlantisavsolutions.com
enquiries@atlantisavsolutions.com,https://www.atlantisavsolutions.com
"contact@ati.cc,contact@ati.cc.",https://www.ati.cc
sale@allsystemsav.com,https://allsystemsav.com/
"sales@artofintegration.co,hello@artofintegration.co",https://artofintegration.co/
,https://www.aspireavs.com
,https://aitatlanta.com/
,https://atlasavu.ca/
,https://www.atronicalarms.com
,https://anchorhometech.com/
,https://www.athifi.ru
,https://atlanticstereo.com/
"e@sentry.io,support@audioadvice.com,nr@original"",l=Object.pro",https://www.audioadvice.com
info@audibleelegance.com,https://www.audibleelegance.com
sales@audioaddicts.com,https://audioaddicts.com/
,https://audiobuysinc.com/
,https://www.audioconcept.co.uk
info@audio-conceptos.com,https://www.audio-conceptos.com
info@atlelectrical.co.,https://www.atlelectrical.co.nz
,https://www.audioarte.bg
,https://www.audiocontractorsllc.com
nfo@ATTYWON.com,https://www.attywon.com
your-email@example.com,https://audioconnection.com.au/
sales@audioden.com,https://audioden.com/
,https://www.techcornerelite.com/
,https://audioconceptsboston.com/
,https://audiodezigns.com/
fermin@audiodynamicsinc.com,https://audiodynamicsinc.com/
,https://adisound.com/
info@audioetc.tv,https://www.audioetc.tv
"jonpinhorn.typedesign@gmail.com,amkryukov@gmail.com",https://aeocala.com/
"aylon@AudioExpertsInc.com,ark@AudioExpertsInc.com",https://www.audioexpertsinc.com
"aylon@AudioExpertsInc.com,ark@AudioExpertsInc.com",https://www.audioexpertsinc.com
kahern@ats-sc.com,https://www.ats-sc.com
ouse@USA.com,https://www.audiohouseonline.com
,https://bravas.com/oklahoma-city/home/
,https://bravas.com/oklahoma-city/home/
"kgodell@audioinnovationsinc.com,fjmoreno@audioinnovationsinc.com,information@audioinnovationsinc.com,ajmoreno@audioinnovationsinc.com",https://www.audioinnovationsinc.com/
ales@AudioIntegrators.com,https://www.audiointegrators.com
,https://www.aihometheater.com
,http://www.audiolux.co.uk/
,https://audiojunction.com.au/
,https://www.audioobsessions.com
sales@audio-one.ca,https://www.audio-one.ca
,https://www.audioobsessions.com
,https://audioiq.nz/
"margaret@asinw.com,jobs@asinw.com,mike@asinw.com,ike@asinw.com,heather@asinw.com",https://asinw.com/
audioplusprescott@gmail.com,https://www.audioplusav.com
,https://www.theaudiotronics.com
,https://audioimpact.com/
info@audiotecdesigns.com,https://www.audiotecdesigns.com
,https://audiotechok.com/
,https://audiotronics.com/
,https://audiotronics.com/
,https://audiotronics.com/
ales@audiovideobcs.com,https://www.audiovideobcs.com
"sales@audiofile.co.,s.streater@audiofile.co.",https://audiofile.co.uk/
avconceptsohio@gmail.com,https://www.avconceptsohio.com
"info@ava-nc.com,einfo@ava-nc.com",https://www.ava-nc.com
audiovideocity@gmail.com,https://www.avcityca.com
,https://avafl.com/
info@ami-ltd.com,https://www.ami-ltd.com
info@audiovideoconceptsusa.com,https://audiovideoconceptsusa.com
info@avdesigns.com,https://www.avdesigns.com
info@avdesigns.com,https://www.avdesigns.com
info@avdesigns.com,https://www.avdesigns.com
,https://www.aspensound.com
,https://www.ave4u.net
customavpro@yahoo.com,https://www.AudioVideoConnections.com
,https://co-da.com/
,https://avxc.com/
,https://atlantaaudio.com/
,https://AudioVideoExcellence.com
,https://AudioVideoExcellence.com
sales@avbydesign.com,https://avbydesign.com/
"ejodi@audiovideoextremes.com,jodi@audiovideoextremes.com",https://www.audiovideoextremes.com
connect@avimarin.com,http://avimarin.com/
"e@sentry.io,support@audioadvice.com,nr@original"",l=Object.pro",https://www.audioadvice.com
info@avoutfitters.tv,https://www.avoutfitters.tv
"ejodi@audiovideoextremes.com,jodi@audiovideoextremes.com",https://www.audiovideoextremes.com
contact@avausa.net,https://avausa.net
will@avsnow.com,http://www.avsnow.com/
tara@foxxmedia.com,https://youravspecialist.com
,https://www.audiovideosolutions.com
,https://www.avsutah.com
info@audiovideoadvantage.com,https://www.audiovideoadvantage.com
,https://www.audiovideotoday.com
info@avsonline.com,https://avsonline.com/
,https://www.avsinstall.com
,https://www.avu.ca
,https://audiovideoevolution.net
,https://www.av-intel.com
info@antaki.com,https://www.antaki.com.lb
,https://audiovisionsbr.com/
info@audiovideosynergy.com,https://www.audiovideosynergy.com
,http://avaudiovision.com/audiovision/
email@email.com,https://www.audiovisionscleveland.com
hello@aviservices.com,https://www.aviservices.com.au
,https://www.avexpertsnj.com
contact@sansoxygen.com,https://avs-nj.com/
info@aura-design.ca,https://www.aura-design.ca
,https://www.audioworkspr.com
info@aurahometech.co.,https://www.aurahometech.co.uk
,https://www.automagically.com
support@austinhomesystems.com,https://austinhomesystems.com/
inquiries@automateme.ca,https://automateme.ca/
info@automatedaudio.com,https://www.automatedaudio.com
,https://electronic-lifestyle.com
"hello@teamadna.com,example@domain.com",https://www.TeamAdna.com
,https://www.fmhometech.com.au
yourname@example.com,https://www.automatebydesign.com.au
info@automatedav.co.,https://www.automatedav.co.uk
,https://www.aearizona.com
info@automatedhabitat.com,https://www.automatedhabitat.com
admin@automatedinnovation.com,https://www.automatedinnovation.com.au
jason@alshawaii.com,https://alshawaii.com/
contact@automatedlifestyles.com,https://automatedlifestyles.com/
contact@automatedlifestyles.com,https://automatedlifestyles.com/
,https://www.facebook.com/AutomatedLifestyleInc/
info@automateddigitalhomes.com,https://automateddigitalhomes.com/
info@digitalavr.com,https://digitalavr.com/
sales@automatedlivingmt.com,https://automatedlivingmt.com/
info@automatedlivingsolutions.ca,https://www.automatedlivingsolutions.ca
"support@relidy.com,sales@automatedsolutions.net",https://www.automatedsolutions.net
,https://www.avspro.net/
,https://audioworks.net/
,https://automationoftexas.com/
,https://automationoftexas.com/
,https://automationgallery.com/
"info@automation-design.com,einfo@automation-design.com",https://www.automation-design.com
info@automateddigitalhomes.com,https://automateddigitalhomes.com/
info@aprogrammers.com,https://www.aprogrammers.com
office@automationplus.eu,https://automationplus.eu/
sales@automation-arts.com,https://automationarts.com/
sales@automation-arts.com,https://automationarts.com/
,https://auxcity.ca
,https://automationoftexas.com/
info@av4.com,https://www.av4.com.au
,https://automation.al/
,https://www.autryelectronics.com
info@avasandconcepts.com,https://www.avasandconcepts.com
,https://www.av-ators.com
,https://www.avantesecurity.com
"impallari@gmail.com,team@latofonts.com",https://avasolutions.net/
,https://www.avaton.ca
info@aveon.com,https://www.aveon.com
,https://www.avdesigngroupinc.com
"info@mysite.com,info@avcustom.tv",https://www.avcustom.tv
avconceptsandsecurity@gmail.com,https://www.avconceptsandsecurity.com
"contact@sansoxygen.com,sales@aveainc.com",https://aveainc.com/
"contact@sansoxygen.com,sales@aveainc.com",https://aveainc.com/
,https://avc-technologies.com/
ci@avensys.co.,https://www.avensyscustominstall.co.uk
,https://avdg.com/
,https://www.avfuse.com
,https://www.avidautomation.co.nz
info@avaconcept.co.,https://www.avaconcept.co.uk
,https://aubreyelectric.com/
,https://www.avswy.com
,https://www.avsinc.ms
,https://www.avir.com
info@avdomain.com,http://avdomain.com.au/site/?doing_wp_cron=1639896054.5491969585418701171875
,https://audiovideoinvasion.com/
,https://avidiaonline.com/
,https://audiovideoinvasion.com/
,https://audiovideoinvasion.com/
,https://audiovideoinvasion.com/
,https://avittech.com/
hello@aviqhsv.com,https://aviqhsv.com/
info@avscience.com,https://avscience.com/
asoria@avschouston.com,https://www.avschouston.com
asoria@avschouston.com,https://www.avschouston.com
info@avitha.co.,https://avitha.co.uk/
,https://avigroup.biz/
info@avsmartsolutions.com,https://avsmartsolutions.com
,https://www.desertavss.com
,https://myavlife.com/
custom@lavu.ca,https://www.lavu.ca
,http://avaudiovision.com/audiovision/
"filler@godaddy.com,team@latofonts.com",https://avupgrades.com
admin@proavspecialists.com,https://hometheatertucsonaz.com/
sales@avworx.net,https://avworx.net/
,https://avspecialists.com
,https://www.avweibel.ch
"info@ayreborn.com,orders@ayreborn.com",https://www.ayreborn.com
info@azro.co.,https://www.azro.co.uk
business@axiondynamics.com,https://www.axiondynamics.com
store@baillios.com,https://www.baillios.com
"info@bakuaudio.com,aatabak@hotmail.com",https://www.bakuaudio.com
security@balancesystems.co.,https://www.balancesystems.co.uk
falling@happyleaves.com,https://www.wakefields.tech
,https://www.barneymillers.com
,https://barretts.tv/
,https://www.barryelectronics.net
enquiries@bartonautomation.co.,https://bartonsolutions.co.uk/
,https://www.bang-olufsen.com/en/int
support@bcgconcepts.com,https://bcgconcepts.com/
,https://beemerhome.com/
icky@avspecialties.net,https://www.avspecialties.net/
,https://www.stlavtech.com
info@velocityv1.com,https://velocityv1.com/
info@axxisdurango.com,https://www.axxisaudio.net/
info@belgraviahometech.co.,https://www.belgraviahometech.co.uk
webmaster@av-waves.com,https://www.av-waves.com
,https://avtechnics.com/
"einfo@kensingtonfurniture.com,info@kensingtonfurniture.com",https://www.bekins.us
"einfo@kensingtonfurniture.com,info@kensingtonfurniture.com",https://www.bekins.us
,https://www.bandelowvoltage.com
info@belltech.ca,https://www.belltech.ca
,https://www.BenscoterHomeTheater.com
info@beola.lt,https://www.beola.lt
,https://gobentec.com
,https://www.bernarddickinson.co.uk
bob@bentleysystems.us,https://bentleysystems.us/
"sales@fpasupporttest.org,support@bethesdasystems.com,sales@bethesdasytems.com,sales@bethesdasystems.com",https://www.bethesdasystems.com/control4-old/
,https://bespoke-vision.com/
info@1source.co.,https://www.1source.co.uk
"einfo@avidht.com,info@avidht.com",https://www.avidhometheater.com
,https://www.audiovideoshowcase.com
email@domain.com,https://www.benchmarksoundworks.com/login
,https://beyondaudio.com/
,https://bigpicturepeople.com.au/
nfo@bistec.net,https://www.bistec.net
,https://bigpicturepeople.com.au/
,https://bigfishautomation.com/
,https://bigpicturepeople.com.au/
"sales@fpasupporttest.org,support@bethesdasystems.com,sales@bethesdasytems.com,sales@bethesdasystems.com",https://www.bethesdasystems.com/control4-old/
,https://www.avsdc.com
,https://avlpro.com/
,https://www.avsdesign.com
info@avitech.org,https://avitech.org/
"sales@bjorns.com,esales@bjorns.com",https://www.bjorns.com
,https://www.blueflash.co.uk
admin@avliving.com,https://avliving.com.au/
sales@bluelineelectronics.com,https://www.bluelineelectronics.com
,https://www.bluespeedav.com
support@relidy.com,https://www.bluechipaudiovideo.com
,https://www.bsmithaudio.com
,https://bocatech.com/
,https://blutecs.com/
,https://bpotterelectric.com
,https://www.bobsheating.com/
info@brianreimeraudio.ca,https://www.brianreimeraudio.com
mail@puertoricosuppliers.com,https://www.puertoricosuppliers.com/bonnin/index.cfm
nc@sbcglobal.net,http://www.brazilelectricinc.com/
,https://bradfordwells.com/
info@bghe.com,https://bghe.com/
careers@bransondg.com,https://bransondg.com/
,https://www.bhtavs.com.au
info@butlerharwell.com,https://www.butlerharwell.com
info@aztecsound.com,https://aztecsound.com/
"bryanburnett@burcoelectric.com,gadamson@burcoelectric.com",https://www.burcoelectric.com
,https://www.c2designsllc.net
bwejacobr@gmail.com,https://www.bwehometheater.com
,https://avxdesign.com/
info@bsgtexas.com,https://bsgtexas.com/
info@broken-mind.com,https://www.broken-mind.com
"contact@bulletsecurityinc.com,ontact@bulletsecurityinc.com",https://bulletsecurityinc.com/
,https://buildingservice.com/
sales@avi-utah.com,https://www.avi-utah.com
,https://beyondhifi.com/
,https://bellahaudio.com/
info@bsgtexas.com,https://bsgtexas.com/
