emails,page
,http://www.reontechnologies.com/Reon_Technologies/Home.html
hello@formwave.ie,https://www.formwave.ie
sales@lumitech.ie,http://www.lumitech.ie
sales@lumitech.ie,http://www.lumitech.ie
enquiries@hasgroup.ie,https://www.hasgroup.ie/
info@intellihome.ch,https://www.intellihome.ch/
,https://www.invisia.ch/de/
sales@ideaworks.mc,http://ideaworks.mc/
,https://www.soundvisionhouse.ch/
gdpr@scientechnic.com,https://www.scientechnic.com:443/
,http://www.abad.ca
info@hudalighting.com,https://www.hudalighting.com/
,http://www.complete.gi
dubai@ikonhouse.com,https://www.ikonhouse.com/
,https://www.so-smart.swiss/
contact@cable-smart.ie,https://cable-smart.ie/
support@strombergsandell.no,https://strombergsandell.no/
"post@norlux.uk,denmark@norlux.com,post@norlux.com,sweden@norlux.com",https://norlux.com/
info@deoperadomotica.nl,https://www.deoperadomotica.nl/
info@tonbildspinnerei.ch,https://tonbildspinnerei.ch/
info@emenem-buildingautomation.nl,https://www.emenem-buildingautomation.nl/
,https://frequence-tv.ch/
,https://www.belighted.at/
"johndoe@domain.com,postbus@maretti.com",https://maretti.com/
info@integrationdesign.se,http://www.integrationdesign.se
butiken@highfidelity.se,http://www.highfidelity.se
,https://technohome.nl/
,https://www.stockholmlighting.com/
info@youcontrol.se,http://www.youcontrol.se/en/home/
,https://www.johncullenlighting.com/
,https://www.sensible.gg/
info@aloud.se,https://aloud.se/
"a.bernard@henri.fr,y.lebreton@henri.fr,alpes@henri.fr,d.coste@henri.fr,c.carneiro@henri.fr,lamaison@henri.fr,m.sherman@henri.fr,paris@henri.fr,h.fontanges@henri.fr,v.raymond@henri.fr,cotedazur@henri.fr,l.sherman@henri.fr",https://www.henri.fr/contact/
,http://www.cpcp.fr
accueil@vernassa.fr,http://www.vernassa.com
info@domotica.be,https://domotica.be/
enquiries@jooced.co.,https://www.jooced.co.uk/
,https://avlc.eu/
nfo@domotic.fr,https://domotic.fr/en/home/
contact@lm5p.fr,https://lm5p.fr/
"ikki.abrahart@installautomation.com,info@installautomation.com,marvin.lee@installautomation.com,adam.kent@installautomation.com",https://www.installautomation.com/
"info@smarthomeco.com,care@smarthomeco.com",https://www.smarthomeco.com/
info@smartsi.co.,https://www.smartsi.co.uk/
info@smccustominstalls.co.,https://www.smccustominstalls.co.uk/
,https://custhome.net/
info@sensoryinternational.com,https://www.sensoryinternational.com/
info@lightdimensions.co.,https://lightdimensions.co.uk/
,https://habilis-habitat.fr/
info@mdulighting.com,http://lighting-projects.com/
,https://www.trustedtechnology.co.uk/
info@audio-images.co.,https://www.audio-images.co.uk
,https://www.jacobsav.co.uk/
info@intuitivehomes.co.,https://www.intuitivehomes.co.uk/
,https://www.inkontrol.co.uk/
info@21ce.co.,http://21ce.co.uk/home/
,https://www.empiregates.uk/
,http://lcris.co.uk/
hello@ismartcontrol.co.,https://ismartcontrol.co.uk/
,https://www.intelligentcontrols.co.uk/
info@automatedhabitat.com,https://www.automatedhabitat.com/
info@digitalinteriors.co.,https://digitalinteriors.co.uk/
,https://www.chrislewis.co.uk/
,https://www.cyberhomes.co.uk/
"info@mysite.com,info@avcustom.tv",https://www.avcustom.tv/
,https://www.cyberhomes.co.uk/
,https://www.chrislewis.co.uk/
info@automatedhabitat.com,https://www.automatedhabitat.com/
"info@mysite.com,info@avcustom.tv",https://www.avcustom.tv/
info@audiovation.co.,https://www.audiovation.co.uk/
,https://mj-electrical.co.uk/
,https://mj-electrical.co.uk/
,https://sona.technology/
info@audiovation.co.,https://www.audiovation.co.uk/
info@lsdirect.co.,https://www.lsdirect.co.uk/
pete@streamled.com,http://www.streamled.com/
,https://www.rgbcomms.co.uk/
mail@integratedsystemcontrol.com,https://www.integratedsystemcontrol.com/
,http://www.elc-ltd.com/
info@lightmaster-direct.co.,https://lightmaster-direct.co.uk/
enquires@ideaglobal.co.,https://ideasmarthomes.co.uk/
enquires@ideaglobal.co.,https://ideasmarthomes.co.uk/
info@lsdirect.co.,https://www.lsdirect.co.uk/
"info@thenextlevel.co.,careers@thenextlevel.co.",https://www.thenextlevel.co.uk/
,https://www.brownhensolutions.com/
,https://www.smartlivingdesigns.co.uk/
info@e-h-t.uk,http://www.eclectichometechnology.uk/
enquiries@brand-designs.com,https://www.brand-designs.com/
,http://www.futuresound.co.uk/
,https://www.clearlyautomated.co.uk/
,http://www.whatyouseeandhear.com/
,https://www.bernarddickinson.co.uk/
,https://www.bernarddickinson.co.uk/
,https://www.iconconnect.com/
enquiries@mattersgroup.co.,https://mattersgroup.co.uk/
,https://www.aonyx.co.uk/
info@philharmonicav.com,https://philharmonicav.com/
,https://www.aonyx.co.uk/
info@smartcomm.co.,https://smartcomm.co.uk/
,https://www.vividaudiovisual.uk/
,http://www.affinitive.co/
,https://stasmarthomes.com/
,https://www.smart-ave.co.uk/
,https://www.smart-ave.co.uk/
,https://www.oldfieldlsv.co.uk/
info@mdfx.co.,https://www.mdfx.co.uk/
info@audiovenue.com,https://www.audiovenue.uk/
info@audiovenue.com,https://www.audiovenue.uk/
,http://harrowlighting.com/
info@globalav.co.,https://www.globalav.co.uk/
,http://www.as-integration.com/
,https://www.rmhgroup.co.uk/
sales@habitech.co.,https://www.habitech.co.uk/
,https://dandt.co.uk/
inspireme@inspire-av.com,https://inspire-av.com/
info@seamlessintegration.co.,https://seamlessintegration.co.uk/
info@alltechcomforts.com,https://alltechcomforts.com/
,https://wallofsound.co.uk/
info@smartlifeav.com,https://www.smartlifeav.com/
info@blinnett.com,https://blinnett.com/
,https://www.flare-tech.com/
info@davidclements.ltd,http://www.davidclementsltd.co.uk/
info@davidclements.ltd,http://www.davidclementsltd.co.uk/
"dean@soundstage.uk.,alex@soundstage.uk.",https://www.soundstage.uk.com/
,https://www.proav.com/
,http://www.idsgroupuk.com/
info@modalav.co.,https://modalav.co.uk/
info@modalav.co.,https://modalav.co.uk/
,https://www.proav.com/
"dean@soundstage.uk.,alex@soundstage.uk.",https://www.soundstage.uk.com/
hello@cinemasandcontrol.co.,https://www.cinemasandcontrol.co.uk/?r_done=1
sales@avhomesuk.com,https://www.avhomesuk.com/
,https://www.thehub-av.co.uk/
info@avnsolutionsuk.com,http://www.avnsolutionsuk.com/
info@clearsphere.co.,https://www.clearsphere.co.uk/
,https://www.musical-images.co.uk/
,https://www.armourhome.co.uk/
sales@avhomesuk.com,https://www.avhomesuk.com/
enquire@livewireintegration.com,https://www.livewireintegration.com/
,https://avandeconnect.com/
sales@soundenvironment.co.,https://www.soundenvironment.co.uk/
,http://www.lamontconsultants.co.uk/
hello@homeplay.tv,https://www.homeplay.tv/
,https://www.c2c-ha.com/
enquires@smjav.co.,https://www.smjav.co.uk/
,https://www.nucleusav.com/
,https://www.nucleusav.com/
info@smartavs.com,http://smartavs.com/
info@mosaic-av.com,http://mosaic-av.com/
enquiries@ajartechnology.com,https://ajartechnology.com/
hello@aos-group.co.,https://aos-group.co.uk/
,https://www.phoebusdesign.com/
,http://www.visionworksav.com/
,http://www.visionworksav.com/
enquiries@lightiq.com,https://lightiq.com/
,http://twistedpear.com/
,https://atandc.net/
,https://fusion.one/
,http://twistedpear.com/
,https://atandc.net/
,https://inspireddwellings.com/
,https://fusion.one/
,https://nvintegration.co.uk/
,https://nvintegration.co.uk/
,https://inspireddwellings.com/
,https://nvintegration.co.uk/
sales@roberttaussig.co.,https://www.roberttaussig.co.uk/
info@lightingcontrols.ltd,https://www.lightingcontrols.ltd.uk/
,https://www.johncullenlighting.com/
,https://www.jetsautomation.com/
,https://www.johncullenlighting.com/
"mith@cornflake.co.,info@cornflake.co.",https://www.cornflake.co.uk/
sales@htsp.co.,https://www.htsp.co.uk/
,https://nvintegration.co.uk/
info@linkmediasystems.com,http://www.linkmediasystems.com/
info@mcallisterav.com,https://www.mcallisterav.com/
,https://www.grahams.co.uk/
info@linkmediasystems.com,http://www.linkmediasystems.com/
,https://www.grahams.co.uk/
,https://nvintegration.co.uk/
,https://www.johncullenlighting.com/
info@linkmediasystems.com,http://www.linkmediasystems.com/
,https://perfectintegration.co.uk/
info@live-smarter.co.,https://www.live-smarter.co.uk/
,https://www.grahams.co.uk/
info@jamesandgiles.com,https://jamesandgiles.com/
info@live-smarter.co.,https://www.live-smarter.co.uk/
info@marlinbsl.co.,https://www.marlinbsl.co.uk/
info@marlinbsl.co.,https://www.marlinbsl.co.uk/
info@tidmarsh.co.,https://tidmarsh.co.uk/
info@live-smarter.co.,https://www.live-smarter.co.uk/
info@marlinbsl.co.,https://www.marlinbsl.co.uk/
,http://www.a3system.it/it/home/
"videoworks@pec.it,helpdesk.business@videoworksgroup.com,info@videoworksgroup.com,helpdesk.yacht@videoworksgroup.com",https://www.videoworksgroup.com/en/default.html
,http://www.needle.one
aireimpianti@gmail.com,https://www.airesrl.it/
"videoworks@pec.it,helpdesk.business@videoworksgroup.com,info@videoworksgroup.com,helpdesk.yacht@videoworksgroup.com",https://www.videoworksgroup.com/en/default.html
,https://www.bang-olufsen.com/es/int
,https://www.bang-olufsen.com/es/int
,https://www.bang-olufsen.com/es/int
,https://www.bang-olufsen.com/en/int
contacto@vimotics.com,http://www.vimotics.com
info@globaltv.es,https://www.globaltv.es/
effettoluce@effettoluce.it,https://www.effettoluce.it/
"livingtech@enel15develazquez.com,livingtech@el15v.com",http://www.el15v.com
,http://www.lightdesignpt.com
domovia@domovia.es,https://www.domovia.com/
,http://www.diniscoelho.pt/en/
,http://www.diniscoelho.pt/en/
,http://www.diniscoelho.pt/en/
info@em-tech.ru,http://em-tech.ru
"cacciavillanisrl@legalmail.it,info@cacciavillani-re.it",https://www.cacciavillani-re.it/
info@deritec.pt,https://www.deritec.pt/
hello@en2017.com,http://moncly.com/
support@ligtech.ru,http://www.ligtech.ru
,https://www.alexwade.com.au
,https://www.alexwade.com.au
,https://digis.ru/
