emails,page
,http://www.apple-3.nl/
,http://nordiccontrolsystems.com/
sales@elixir-controls.com,https://elixir-controls.com/
,https://www.ux-digital.co.uk/
"hello@integratedexperience.com,website@integratedexperience.com",https://www.integratedexperience.com/
,https://upfront.be/fr/
info@gdprogramming.com,https://www.gdprogramming.com/
sales@elixir-controls.com,https://elixir-controls.com/
contact@mediaprocess.eu,http://www.mediaprocess.fr/
"support@lucidpartnership.co.,sales@lucidpartnership.co.,client@lucidprogramming.co.",http://www.lucidprogramming.co.uk/
,https://elettrosistemi.eu/
info@rebarsys.com,http://www.rebarsys.com/
,http://www.domowork.com/
,http://www.codekings.nl/
,https://amtx.co.uk/
,https://www.a-knowledge.eu/
enquiries@avspire.co.,https://www.avspire.co.uk/
info@softesolution.com,https://www.softesolution.com/
,http://www.codekings.nl/
,http://www.autonomycontrols.com/
,http://www.xtremecontrols.co.uk/
contact@aptyx.co.,https://aptyx.co.uk/
services@leadingit.me,http://leadingit.me/
micah@micahrich.com,https://oregonav.co.uk/
myynti@kuulto.com,http://kuulto.com/
info@philipmarksav.co.,http://philipmarksav.co.uk/
micah@micahrich.com,https://oregonav.co.uk/
micah@micahrich.com,https://oregonav.co.uk/
info@philipmarksav.co.,http://philipmarksav.co.uk/
,http://www.xtremecontrols.co.uk/
,https://amtx.co.uk/
"support@lucidpartnership.co.,sales@lucidpartnership.co.,client@lucidprogramming.co.",http://www.lucidprogramming.co.uk/
enquiries@avspire.co.,https://www.avspire.co.uk/
"niklas@jadeva.se,daniel@jadeva.se,info@jadeva.se,mikael@jadeva.se,magnus@jadeva.se",http://jadeva.se/
,http://www.ovio.pro/
micah@micahrich.com,https://oregonav.co.uk/
info@logicalsolutions-av.co.,https://logicalsolutions-av.co.uk/
,https://amtx.co.uk/
,https://www.oxberry.net/
hardt@pem-media.com,https://pem-media.com/
,https://lightingcontrol.co.uk/
,http://controllayer.co.uk/
info@logicalsolutions-av.co.,https://logicalsolutions-av.co.uk/
,https://www.connectprogramming.co.uk/
,http://www.nextlevelcontrol.com/
info@philipmarksav.co.,http://philipmarksav.co.uk/
,https://www.oxberry.net/
info@cn-consult.eu,https://www.cn-consult.eu/
info@philipmarksav.co.,http://philipmarksav.co.uk/
,https://www.thiemann.nl/
,https://freelanceav.com/
,http://www.imedia-av.com/
,https://ajwegman.wixsite.com/aj-sound-controls
,http://www.mitreboxav.com/
,https://www.codejar.co.uk/
paulp@plus1micro.com,http://www.plus1micro.com/
"info@domotura.com,jg@domotura.com",https://www.domotura.com/
info@cn-consult.eu,https://www.cn-consult.eu/
info@mavrikconsulting.com,https://www.mavrikconsulting.com/
,http://iron-cog.co.uk/
,http://technidream.fr/
contacts@incodes.dk,http://incodes.dk/
,https://pantechdesign.com/
info@luxavo.ie,https://www.luxavo.ie/
,https://monacodomotique.mc/
,https://www.en.ceed.swiss/
,http://www.switchon-group.com/
,https://almazrouicas.com/
support@strombergsandell.no,https://strombergsandell.no/
,https://ava.media/
info@xocompany.org,https://www.xolightsdubai.com/
info@smerktech.com,https://www.smerktech.com/
,http://www.yachtaudio.com/
proinsermant@proinsermant.com,https://www.proinsermant.com/
,https://rpmavs.com/
,http://domation.be/
info@moresenz.nl,https://moresenz.nl/
info@deoperadomotica.nl,https://www.deoperadomotica.nl/
,https://perfectintegration.co.uk/
,https://www.aonyx.co.uk/
enquiries@intellicasa.co.,https://www.intellicasa.co.uk/
info@av-domotica.nl,https://av-domotica.nl/
,https://dandt.co.uk/
"contact@av-io.fr,contact@shanlab.fr",https://av-io.fr/
,https://www.mv-installations.com/
,http://jpe-hometechnology.com/
,https://www.cfb.com.sa/
office@londonavsolutions.co.,https://londonavsolutions.co.uk/
info@butlerharwell.com,https://www.butlerharwell.com/
sales@cablelogic.co.,https://www.cablelogic.co.uk/
,https://www.hynesightav.com/
info@simplymatthews.co.,https://www.simplymatthews.co.uk/
impiantibordin@gmail.com,https://bordinimpianti.com/
,https://8av.co.uk/
,https://www.lumiereksa.net/
info@inkontrol.co.,https://www.inkontrol.co.uk/CONTACT
,https://www.en.ceed.swiss/
,http://www.simontech.it/
info@de-tech.eu,https://www.de-tech.eu/
info@domotica.be,https://domotica.be/
,https://www.enhanceautomation.co.uk/
info@twistedpair.co.,https://www.twistedpair.co.uk/
,http://visuconcept.lu/
info@futureandtech.com,https://futureandtech.com/
info@mckeon.ie,https://mckeon.ie/
info@dsgroup.net,http://www.dsgroup.net/
,https://www.technicongres.ch/
info@adio.no,https://adio.no/
info@darwishholding.com,https://www.darwishholding.com/en/
info@salamtechnology.com,https://www.salamtechnology.com/
info@meritec.ie,http://www.meritec.ie/
info@venturaglobal.co,http://www.venturaglobal.co/
"info@i-control.com,info@i-CONTROL.com",http://www.i-control.com.hk/
,https://sightandsoundindia.com/
,https://bravosteps.no/
,https://omnix.com/
info@jnv.nl,https://www.audiovisuelesmaakmakers.nl/
yourname@domain.com,https://www.alpha.ae/
,https://video-center.business.site/
prounited@prounited.com,https://www.prounited.com.hk/
,https://www.acs-cabling.com/
"berlin@provideo.eu,ervice@provideo.eu,braunschweig@provideo.eu",https://www.provideo.eu/HOME/
,https://www.dekom.com/
,http://khaldia-hallstage.simplesite.com/
,https://onediversified.com/EMEA/
,https://www.ricoh.fr/
contact@exaprobe.com,https://www.exaprobe.com/en-direct/
sales@pacific.co.,https://www.pacific.co.uk/
"nr@original"",p=Object.pro,contact@mazars.co.",https://www.mazars.co.uk/OFFICES/MILTON-KEYNES
info@vega-global.eu,https://vega-global.eu/
info@designintegration.co.,https://www.designintegration.co.uk/
hello@tfg.com,https://www.tfg.com/
,https://www.realworldav.com/
,http://www.mediacom95.com/
"info@mosaicogroup.com,mosaicogroup@mosaicogroup.com,klimec@legalmail.it,info@jssrl.com",https://mosaicogroup.com/GROUP/CONTACT-US/
,http://www.esepro.co/
info@globaltv.es,https://www.globaltv.es/
"info@telesystems-pro.it,telesystems@pec.it",https://www.telesystems-pro.it/IT/
business@wireworksindia.com,https://www.wireworksindia.com/
info@tvt-av.co.,https://tvt-av.co.uk/
avinfo@avoira.com,https://www.videonations.co.uk/
contactus@transactts.com,https://transactts.com/
info@durante.it,https://www.durante.it/
info@tdc-av.com,https://tdc-av.com/
info@smg-aw.com,https://smg-aw.com/SAMIR-TRADING-MARKETING/
info@visutec.eu,https://www.visutec.eu/
,https://www.wachter.com/
info@solufak.be,https://www.solufak.be/
,https://sightandsoundindia.com/
,https://upfront.be/fr/
nfo@atlasgroup.ae,https://atlasgroup.ae/ATLAS-SECURITY/
yourname@domain.com,https://www.alpha.ae/
